{
  "project_info": {
    "project_number": "53469352519",
    "project_id": "fyp1-731cb",
    "storage_bucket": "fyp1-731cb.firebasestorage.app"
  },
  "client": [
    {
      "client_info": {
        "mobilesdk_app_id": "1:53469352519:android:e1e5bb63a255bae32a1762",
        "android_client_info": {
          "package_name": "com.example.fyp"
        }
      },
      "oauth_client": [],
      "api_key": [
        {
          "current_key": "AIzaSyCx6_DNnF1RWt_P0qqO0CSUTOx5dBKlP8I"
        }
      ],
      "services": {
        "appinvite_service": {
          "other_platform_oauth_client": []
        }
      }
    }
  ],
  "configuration_version": "1"
}